corpus_role,repository_folder,relative_path,parent_subfolder,file_name,extension,size_bytes,size_kb,last_modified_utc,zip_last_modified_naive,is_symlink,initial_review_flag,scan_status,scan_error
public_reference_corpus,01_RAG_Public_Deal_Documents,/home/anurag_sarangi/projects/investment_ai_poc/Demo_Data_Folder/01_RAG_Public_Deal_Documents/ADB_Project_Documents,ADB_Project_Documents,ADB_Energy_Storage_Green_Hydrogen_Project_Page.pdf,.pdf,355072,346.75,,2026-06-11T10:36:12,FALSE,normal_candidate,success,
public_reference_corpus,01_RAG_Public_Deal_Documents,/home/anurag_sarangi/projects/investment_ai_poc/Demo_Data_Folder/01_RAG_Public_Deal_Documents/ADB_Project_Documents,ADB_Project_Documents,ADB_Floating_Solar_Project_Page.pdf,.pdf,402782,393.34,,2026-06-11T10:36:12,FALSE,normal_candidate,success,
public_reference_corpus,01_RAG_Public_Deal_Documents,/home/anurag_sarangi/projects/investment_ai_poc/Demo_Data_Folder/01_RAG_Public_Deal_Documents/ADB_Project_Documents,ADB_Project_Documents,ADB_Gulf_Solar_BESS_IEE.pdf,.pdf,39953267,39016.86,,2026-06-11T10:36:12,FALSE,normal_candidate,success,
public_reference_corpus,01_RAG_Public_Deal_Documents,/home/anurag_sarangi/projects/investment_ai_poc/Demo_Data_Folder/01_RAG_Public_Deal_Documents/ADB_Project_Documents,ADB_Project_Documents,ADB_Gulf_Solar_BESS_Project_Page.pdf,.pdf,352416,344.16,,2026-06-11T10:36:12,FALSE,normal_candidate,success,
public_reference_corpus,01_RAG_Public_Deal_Documents,/home/anurag_sarangi/projects/investment_ai_poc/Demo_Data_Folder/01_RAG_Public_Deal_Documents/ADB_Project_Documents,ADB_Project_Documents,ADB_Gulf_Solar_BESS_SCAR.pdf,.pdf,2780527,2715.36,,2026-06-11T10:36:12,FALSE,normal_candidate,success,
public_reference_corpus,01_RAG_Public_Deal_Documents,/home/anurag_sarangi/projects/investment_ai_poc/Demo_Data_Folder/01_RAG_Public_Deal_Documents/ADB_Project_Documents,ADB_Project_Documents,ADB_Guzar_Solar_BESS_ESIA_Part_2.pdf,.pdf,4130368,4033.56,,2026-06-11T10:36:12,FALSE,normal_candidate,success,
public_reference_corpus,01_RAG_Public_Deal_Documents,/home/anurag_sarangi/projects/investment_ai_poc/Demo_Data_Folder/01_RAG_Public_Deal_Documents/ADB_Project_Documents,ADB_Project_Documents,ADB_Guzar_Solar_BESS_ESIA_Part_4.pdf,.pdf,4969724,4853.25,,2026-06-11T10:36:12,FALSE,normal_candidate,success,
public_reference_corpus,01_RAG_Public_Deal_Documents,/home/anurag_sarangi/projects/investment_ai_poc/Demo_Data_Folder/01_RAG_Public_Deal_Documents/ADB_Project_Documents,ADB_Project_Documents,ADB_Guzar_Solar_BESS_Project_Page.pdf,.pdf,354488,346.18,,2026-06-11T10:36:12,FALSE,normal_candidate,success,
public_reference_corpus,01_RAG_Public_Deal_Documents,/home/anurag_sarangi/projects/investment_ai_poc/Demo_Data_Folder/01_RAG_Public_Deal_Documents/ADB_Project_Documents,ADB_Project_Documents,ADB_Utility_Scale_BESS_Project_Page.pdf,.pdf,358972,350.56,,2026-06-11T10:36:12,FALSE,normal_candidate,success,
public_reference_corpus,01_RAG_Public_Deal_Documents,/home/anurag_sarangi/projects/investment_ai_poc/Demo_Data_Folder/01_RAG_Public_Deal_Documents/ADB_Project_Documents,ADB_Project_Documents,ADB_Utility_Scale_BESS_Project_Printable.pdf,.pdf,32252,31.5,,2026-06-11T10:36:12,FALSE,normal_candidate,success,
public_reference_corpus,01_RAG_Public_Deal_Documents,/home/anurag_sarangi/projects/investment_ai_poc/Demo_Data_Folder/01_RAG_Public_Deal_Documents/ADB_Project_Documents,ADB_Project_Documents,README.txt,.txt,90,0.09,,2026-06-09T10:32:24,FALSE,normal_candidate,success,
public_reference_corpus,01_RAG_Public_Deal_Documents,/home/anurag_sarangi/projects/investment_ai_poc/Demo_Data_Folder/01_RAG_Public_Deal_Documents/ADB_Project_Documents,ADB_Project_Documents,source_urls.csv,.csv,1566,1.53,,2026-06-11T12:27:38,FALSE,normal_candidate,success,
public_reference_corpus,01_RAG_Public_Deal_Documents,/home/anurag_sarangi/projects/investment_ai_poc/Demo_Data_Folder/01_RAG_Public_Deal_Documents/IFC_Disclosure_Pages,IFC_Disclosure_Pages,IFC_Azure_RG_Project_SII.html,.html,90656,88.53,,2026-06-09T10:59:22,FALSE,normal_candidate,success,
public_reference_corpus,01_RAG_Public_Deal_Documents,/home/anurag_sarangi/projects/investment_ai_poc/Demo_Data_Folder/01_RAG_Public_Deal_Documents/IFC_Disclosure_Pages,IFC_Disclosure_Pages,IFC_Azure_RG_Project_SII.metadata.json,.json,460,0.45,,2026-06-09T10:59:22,FALSE,normal_candidate,success,
public_reference_corpus,01_RAG_Public_Deal_Documents,/home/anurag_sarangi/projects/investment_ai_poc/Demo_Data_Folder/01_RAG_Public_Deal_Documents/IFC_Disclosure_Pages,IFC_Disclosure_Pages,IFC_Azure_RG_Project_SII.txt,.txt,10536,10.29,,2026-06-09T10:59:22,FALSE,normal_candidate,success,
public_reference_corpus,01_RAG_Public_Deal_Documents,/home/anurag_sarangi/projects/investment_ai_poc/Demo_Data_Folder/01_RAG_Public_Deal_Documents/IFC_Disclosure_Pages,IFC_Disclosure_Pages,IFC_Candi_Solar_CI_SII.html,.html,98035,95.74,,2026-06-09T10:59:24,FALSE,normal_candidate,success,
public_reference_corpus,01_RAG_Public_Deal_Documents,/home/anurag_sarangi/projects/investment_ai_poc/Demo_Data_Folder/01_RAG_Public_Deal_Documents/IFC_Disclosure_Pages,IFC_Disclosure_Pages,IFC_Candi_Solar_CI_SII.metadata.json,.json,469,0.46,,2026-06-09T10:59:24,FALSE,normal_candidate,success,
public_reference_corpus,01_RAG_Public_Deal_Documents,/home/anurag_sarangi/projects/investment_ai_poc/Demo_Data_Folder/01_RAG_Public_Deal_Documents/IFC_Disclosure_Pages,IFC_Disclosure_Pages,IFC_Candi_Solar_CI_SII.txt,.txt,14723,14.38,,2026-06-09T10:59:24,FALSE,normal_candidate,success,
public_reference_corpus,01_RAG_Public_Deal_Documents,/home/anurag_sarangi/projects/investment_ai_poc/Demo_Data_Folder/01_RAG_Public_Deal_Documents/IFC_Disclosure_Pages,IFC_Disclosure_Pages,IFC_Elementum_Debt_SII.html,.html,93819,91.62,,2026-06-09T10:59:24,FALSE,normal_candidate,success,
public_reference_corpus,01_RAG_Public_Deal_Documents,/home/anurag_sarangi/projects/investment_ai_poc/Demo_Data_Folder/01_RAG_Public_Deal_Documents/IFC_Disclosure_Pages,IFC_Disclosure_Pages,IFC_Elementum_Debt_SII.metadata.json,.json,474,0.46,,2026-06-09T10:59:24,FALSE,normal_candidate,success,
public_reference_corpus,01_RAG_Public_Deal_Documents,/home/anurag_sarangi/projects/investment_ai_poc/Demo_Data_Folder/01_RAG_Public_Deal_Documents/IFC_Disclosure_Pages,IFC_Disclosure_Pages,IFC_Elementum_Debt_SII.txt,.txt,13767,13.44,,2026-06-09T10:59:24,FALSE,normal_candidate,success,
public_reference_corpus,01_RAG_Public_Deal_Documents,/home/anurag_sarangi/projects/investment_ai_poc/Demo_Data_Folder/01_RAG_Public_Deal_Documents/IFC_Disclosure_Pages,IFC_Disclosure_Pages,IFC_FP_Energy_EF_SII.html,.html,94736,92.52,,2026-06-09T10:59:22,FALSE,normal_candidate,success,
public_reference_corpus,01_RAG_Public_Deal_Documents,/home/anurag_sarangi/projects/investment_ai_poc/Demo_Data_Folder/01_RAG_Public_Deal_Documents/IFC_Disclosure_Pages,IFC_Disclosure_Pages,IFC_FP_Energy_EF_SII.metadata.json,.json,456,0.45,,2026-06-09T10:59:22,FALSE,normal_candidate,success,
public_reference_corpus,01_RAG_Public_Deal_Documents,/home/anurag_sarangi/projects/investment_ai_poc/Demo_Data_Folder/01_RAG_Public_Deal_Documents/IFC_Disclosure_Pages,IFC_Disclosure_Pages,IFC_FP_Energy_EF_SII.txt,.txt,13260,12.95,,2026-06-09T10:59:22,FALSE,normal_candidate,success,
public_reference_corpus,01_RAG_Public_Deal_Documents,/home/anurag_sarangi/projects/investment_ai_poc/Demo_Data_Folder/01_RAG_Public_Deal_Documents/IFC_Disclosure_Pages,IFC_Disclosure_Pages,IFC_FRV_Solar_India_SII.html,.html,100317,97.97,,2026-06-09T10:59:20,FALSE,normal_candidate,success,
public_reference_corpus,01_RAG_Public_Deal_Documents,/home/anurag_sarangi/projects/investment_ai_poc/Demo_Data_Folder/01_RAG_Public_Deal_Documents/IFC_Disclosure_Pages,IFC_Disclosure_Pages,IFC_FRV_Solar_India_SII.metadata.json,.json,465,0.45,,2026-06-09T10:59:20,FALSE,normal_candidate,success,
public_reference_corpus,01_RAG_Public_Deal_Documents,/home/anurag_sarangi/projects/investment_ai_poc/Demo_Data_Folder/01_RAG_Public_Deal_Documents/IFC_Disclosure_Pages,IFC_Disclosure_Pages,IFC_FRV_Solar_India_SII.txt,.txt,12288,12,,2026-06-09T10:59:20,FALSE,normal_candidate,success,
public_reference_corpus,01_RAG_Public_Deal_Documents,/home/anurag_sarangi/projects/investment_ai_poc/Demo_Data_Folder/01_RAG_Public_Deal_Documents/IFC_Disclosure_Pages,IFC_Disclosure_Pages,IFC_IndiGrid_BESS_ESRS.html,.html,128607,125.59,,2026-06-09T10:59:26,FALSE,normal_candidate,success,
public_reference_corpus,01_RAG_Public_Deal_Documents,/home/anurag_sarangi/projects/investment_ai_poc/Demo_Data_Folder/01_RAG_Public_Deal_Documents/IFC_Disclosure_Pages,IFC_Disclosure_Pages,IFC_IndiGrid_BESS_ESRS.metadata.json,.json,460,0.45,,2026-06-09T10:59:26,FALSE,normal_candidate,success,
public_reference_corpus,01_RAG_Public_Deal_Documents,/home/anurag_sarangi/projects/investment_ai_poc/Demo_Data_Folder/01_RAG_Public_Deal_Documents/IFC_Disclosure_Pages,IFC_Disclosure_Pages,IFC_IndiGrid_BESS_ESRS.txt,.txt,36149,35.3,,2026-06-09T10:59:26,FALSE,normal_candidate,success,
public_reference_corpus,01_RAG_Public_Deal_Documents,/home/anurag_sarangi/projects/investment_ai_poc/Demo_Data_Folder/01_RAG_Public_Deal_Documents/IFC_Disclosure_Pages,IFC_Disclosure_Pages,IFC_PCR_Renewables_SII.html,.html,93476,91.29,,2026-06-09T10:59:22,FALSE,normal_candidate,success,
public_reference_corpus,01_RAG_Public_Deal_Documents,/home/anurag_sarangi/projects/investment_ai_poc/Demo_Data_Folder/01_RAG_Public_Deal_Documents/IFC_Disclosure_Pages,IFC_Disclosure_Pages,IFC_PCR_Renewables_SII.metadata.json,.json,470,0.46,,2026-06-09T10:59:22,FALSE,normal_candidate,success,
public_reference_corpus,01_RAG_Public_Deal_Documents,/home/anurag_sarangi/projects/investment_ai_poc/Demo_Data_Folder/01_RAG_Public_Deal_Documents/IFC_Disclosure_Pages,IFC_Disclosure_Pages,IFC_PCR_Renewables_SII.txt,.txt,11547,11.28,,2026-06-09T10:59:22,FALSE,normal_candidate,success,
public_reference_corpus,01_RAG_Public_Deal_Documents,/home/anurag_sarangi/projects/investment_ai_poc/Demo_Data_Folder/01_RAG_Public_Deal_Documents/IFC_Disclosure_Pages,IFC_Disclosure_Pages,README.txt,.txt,113,0.11,,2026-06-09T10:32:24,FALSE,normal_candidate,success,
public_reference_corpus,01_RAG_Public_Deal_Documents,/home/anurag_sarangi/projects/investment_ai_poc/Demo_Data_Folder/01_RAG_Public_Deal_Documents/IFC_Disclosure_Pages,IFC_Disclosure_Pages,source_urls.csv,.csv,905,0.88,,2026-06-09T10:32:24,FALSE,normal_candidate,success,
public_reference_corpus,01_RAG_Public_Deal_Documents,/home/anurag_sarangi/projects/investment_ai_poc/Demo_Data_Folder/01_RAG_Public_Deal_Documents/SEC_Annual_Reports_and_Filings,SEC_Annual_Reports_and_Filings,AES_Corporation_Latest_10K.html,.html,6595646,6441.06,,2026-06-09T10:49:10,FALSE,normal_candidate,success,
public_reference_corpus,01_RAG_Public_Deal_Documents,/home/anurag_sarangi/projects/investment_ai_poc/Demo_Data_Folder/01_RAG_Public_Deal_Documents/SEC_Annual_Reports_and_Filings,SEC_Annual_Reports_and_Filings,AES_Corporation_Latest_10K.txt,.txt,1018381,994.51,,2026-06-09T10:49:12,FALSE,normal_candidate,success,
public_reference_corpus,01_RAG_Public_Deal_Documents,/home/anurag_sarangi/projects/investment_ai_poc/Demo_Data_Folder/01_RAG_Public_Deal_Documents/SEC_Annual_Reports_and_Filings,SEC_Annual_Reports_and_Filings,AES_Corporation_submissions.json,.json,322675,315.11,,2026-06-09T10:49:08,FALSE,normal_candidate,success,
public_reference_corpus,01_RAG_Public_Deal_Documents,/home/anurag_sarangi/projects/investment_ai_poc/Demo_Data_Folder/01_RAG_Public_Deal_Documents/SEC_Annual_Reports_and_Filings,SEC_Annual_Reports_and_Filings,Enphase_Energy_Latest_10K.html,.html,2973886,2904.19,,2026-06-09T10:49:24,FALSE,normal_candidate,success,
public_reference_corpus,01_RAG_Public_Deal_Documents,/home/anurag_sarangi/projects/investment_ai_poc/Demo_Data_Folder/01_RAG_Public_Deal_Documents/SEC_Annual_Reports_and_Filings,SEC_Annual_Reports_and_Filings,Enphase_Energy_Latest_10K.txt,.txt,511417,499.43,,2026-06-09T10:49:26,FALSE,normal_candidate,success,
public_reference_corpus,01_RAG_Public_Deal_Documents,/home/anurag_sarangi/projects/investment_ai_poc/Demo_Data_Folder/01_RAG_Public_Deal_Documents/SEC_Annual_Reports_and_Filings,SEC_Annual_Reports_and_Filings,Enphase_Energy_submissions.json,.json,328270,320.58,,2026-06-09T10:49:24,FALSE,normal_candidate,success,
public_reference_corpus,01_RAG_Public_Deal_Documents,/home/anurag_sarangi/projects/investment_ai_poc/Demo_Data_Folder/01_RAG_Public_Deal_Documents/SEC_Annual_Reports_and_Filings,SEC_Annual_Reports_and_Filings,First_Solar_Latest_10K.html,.html,2523265,2464.13,,2026-06-09T10:49:18,FALSE,normal_candidate,success,
public_reference_corpus,01_RAG_Public_Deal_Documents,/home/anurag_sarangi/projects/investment_ai_poc/Demo_Data_Folder/01_RAG_Public_Deal_Documents/SEC_Annual_Reports_and_Filings,SEC_Annual_Reports_and_Filings,First_Solar_Latest_10K.txt,.txt,508407,496.49,,2026-06-09T10:49:18,FALSE,normal_candidate,success,
public_reference_corpus,01_RAG_Public_Deal_Documents,/home/anurag_sarangi/projects/investment_ai_poc/Demo_Data_Folder/01_RAG_Public_Deal_Documents/SEC_Annual_Reports_and_Filings,SEC_Annual_Reports_and_Filings,First_Solar_submissions.json,.json,318399,310.94,,2026-06-09T10:49:14,FALSE,normal_candidate,success,
public_reference_corpus,01_RAG_Public_Deal_Documents,/home/anurag_sarangi/projects/investment_ai_poc/Demo_Data_Folder/01_RAG_Public_Deal_Documents/SEC_Annual_Reports_and_Filings,SEC_Annual_Reports_and_Filings,NextEra_Energy_Latest_10K.html,.html,4642190,4533.39,,2026-06-09T10:49:06,FALSE,normal_candidate,success,
public_reference_corpus,01_RAG_Public_Deal_Documents,/home/anurag_sarangi/projects/investment_ai_poc/Demo_Data_Folder/01_RAG_Public_Deal_Documents/SEC_Annual_Reports_and_Filings,SEC_Annual_Reports_and_Filings,NextEra_Energy_Latest_10K.txt,.txt,633986,619.13,,2026-06-09T10:49:06,FALSE,normal_candidate,success,
public_reference_corpus,01_RAG_Public_Deal_Documents,/home/anurag_sarangi/projects/investment_ai_poc/Demo_Data_Folder/01_RAG_Public_Deal_Documents/SEC_Annual_Reports_and_Filings,SEC_Annual_Reports_and_Filings,NextEra_Energy_submissions.json,.json,333151,325.34,,2026-06-09T10:49:04,FALSE,normal_candidate,success,
public_reference_corpus,01_RAG_Public_Deal_Documents,/home/anurag_sarangi/projects/investment_ai_poc/Demo_Data_Folder/01_RAG_Public_Deal_Documents/SEC_Annual_Reports_and_Filings,SEC_Annual_Reports_and_Filings,Ormat_Technologies_Latest_10K.html,.html,4608327,4500.32,,2026-06-09T10:49:20,FALSE,normal_candidate,success,
public_reference_corpus,01_RAG_Public_Deal_Documents,/home/anurag_sarangi/projects/investment_ai_poc/Demo_Data_Folder/01_RAG_Public_Deal_Documents/SEC_Annual_Reports_and_Filings,SEC_Annual_Reports_and_Filings,Ormat_Technologies_Latest_10K.txt,.txt,786265,767.84,,2026-06-09T10:49:22,FALSE,normal_candidate,success,
public_reference_corpus,01_RAG_Public_Deal_Documents,/home/anurag_sarangi/projects/investment_ai_poc/Demo_Data_Folder/01_RAG_Public_Deal_Documents/SEC_Annual_Reports_and_Filings,SEC_Annual_Reports_and_Filings,Ormat_Technologies_submissions.json,.json,318981,311.5,,2026-06-09T10:49:20,FALSE,normal_candidate,success,
public_reference_corpus,01_RAG_Public_Deal_Documents,/home/anurag_sarangi/projects/investment_ai_poc/Demo_Data_Folder/01_RAG_Public_Deal_Documents/SEC_Annual_Reports_and_Filings,SEC_Annual_Reports_and_Filings,README.txt,.txt,103,0.1,,2026-06-09T10:32:24,FALSE,normal_candidate,success,
public_reference_corpus,01_RAG_Public_Deal_Documents,/home/anurag_sarangi/projects/investment_ai_poc/Demo_Data_Folder/01_RAG_Public_Deal_Documents/SEC_Annual_Reports_and_Filings,SEC_Annual_Reports_and_Filings,source_urls.csv,.csv,685,0.67,,2026-06-09T10:32:24,FALSE,normal_candidate,success,
synthetic_evaluation_corpus,07_Synthetic_IC_Submission_Pack,/home/anurag_sarangi/projects/investment_ai_poc/Demo_Data_Folder/07_Synthetic_IC_Submission_Pack/TXN_HELIOS_001,TXN_HELIOS_001,README_SYNTHETIC_PACK.md,.md,1050,1.03,,2026-06-11T11:58:54,FALSE,normal_candidate,success,
synthetic_evaluation_corpus,07_Synthetic_IC_Submission_Pack,/home/anurag_sarangi/projects/investment_ai_poc/Demo_Data_Folder/07_Synthetic_IC_Submission_Pack/TXN_HELIOS_001,TXN_HELIOS_001,Synthetic_Project_Helios_Financial_Assumptions.xlsx,.xlsx,19102,18.65,,2026-06-11T11:58:54,FALSE,normal_candidate,success,
synthetic_evaluation_corpus,07_Synthetic_IC_Submission_Pack,/home/anurag_sarangi/projects/investment_ai_poc/Demo_Data_Folder/07_Synthetic_IC_Submission_Pack/TXN_HELIOS_001,TXN_HELIOS_001,Synthetic_Project_Helios_IC_Deck.pdf,.pdf,146380,142.95,,2026-06-11T11:58:54,FALSE,normal_candidate,success,
synthetic_evaluation_corpus,07_Synthetic_IC_Submission_Pack,/home/anurag_sarangi/projects/investment_ai_poc/Demo_Data_Folder/07_Synthetic_IC_Submission_Pack/TXN_HELIOS_001,TXN_HELIOS_001,Synthetic_Project_Helios_IC_Deck.pptx,.pptx,254303,248.34,,2026-06-11T11:58:54,FALSE,normal_candidate,success,
synthetic_evaluation_corpus,07_Synthetic_IC_Submission_Pack,/home/anurag_sarangi/projects/investment_ai_poc/Demo_Data_Folder/07_Synthetic_IC_Submission_Pack/TXN_HELIOS_001,TXN_HELIOS_001,Synthetic_Project_Helios_Investment_Memorandum.docx,.docx,41803,40.82,,2026-06-11T11:58:54,FALSE,normal_candidate,success,
synthetic_evaluation_corpus,07_Synthetic_IC_Submission_Pack,/home/anurag_sarangi/projects/investment_ai_poc/Demo_Data_Folder/07_Synthetic_IC_Submission_Pack/TXN_HELIOS_001,TXN_HELIOS_001,Synthetic_Project_Helios_Investment_Memorandum.pdf,.pdf,136993,133.78,,2026-06-11T11:58:54,FALSE,normal_candidate,success,
synthetic_evaluation_corpus,07_Synthetic_IC_Submission_Pack,/home/anurag_sarangi/projects/investment_ai_poc/Demo_Data_Folder/07_Synthetic_IC_Submission_Pack/TXN_HELIOS_001,TXN_HELIOS_001,Synthetic_Project_Helios_Market_and_Benchmark_Note.docx,.docx,39062,38.15,,2026-06-11T11:58:54,FALSE,normal_candidate,success,
synthetic_evaluation_corpus,07_Synthetic_IC_Submission_Pack,/home/anurag_sarangi/projects/investment_ai_poc/Demo_Data_Folder/07_Synthetic_IC_Submission_Pack/TXN_HELIOS_001,TXN_HELIOS_001,Synthetic_Project_Helios_Market_and_Benchmark_Note.pdf,.pdf,83551,81.59,,2026-06-11T11:58:54,FALSE,normal_candidate,success,
synthetic_evaluation_corpus,07_Synthetic_IC_Submission_Pack,/home/anurag_sarangi/projects/investment_ai_poc/Demo_Data_Folder/07_Synthetic_IC_Submission_Pack/TXN_HELIOS_001,TXN_HELIOS_001,synthetic_submission_manifest.csv,.csv,701,0.68,,2026-06-11T11:58:54,FALSE,normal_candidate,success,
